e59da126-df4a-11ed-8dac-57bda901dee0.jpg,['ndd']
e59da127-df4a-11ed-8dac-57bda901dee0.jpg,['Nd']
e7b36842-df4a-11ed-8dac-57bda901dee0.jpg,['IT20 BoM']
e8c96420-df4a-11ed-8dac-57bda901dee0.jpg,['IT20 pom']
e9e05e18-df4a-11ed-8dac-57bda901dee0.jpg,['WuogL']
027e4084-df4b-11ed-8dac-57bda901dee0.jpg,['BJ69 HED ']
037b094a-df4b-11ed-8dac-57bda901dee0.jpg,['BJ69 HED']
037b094b-df4b-11ed-8dac-57bda901dee0.jpg,['F0J65 EPI']
05782502-df4b-11ed-8dac-57bda901dee0.jpg,['ubsep)']
067b47c2-df4b-11ed-8dac-57bda901dee0.jpg,['BUGSEEP']
067b47c3-df4b-11ed-8dac-57bda901dee0.jpg,['Shotrood']
088252c2-df4b-11ed-8dac-57bda901dee0.jpg,['sholroou']
098cf528-df4b-11ed-8dac-57bda901dee0.jpg,[' BJ6S EPL']
0a91c46c-df4b-11ed-8dac-57bda901dee0.jpg,['BJ65 EPL']
0a91c46d-df4b-11ed-8dac-57bda901dee0.jpg,['BJGS EPI']
0ca05b38-df4b-11ed-8dac-57bda901dee0.jpg,['BJ65 EPL']
0da344a0-df4b-11ed-8dac-57bda901dee0.jpg,['BJ6S EPO']
0da344a1-df4b-11ed-8dac-57bda901dee0.jpg,['BJESEPI']
0fa06760-df4b-11ed-8dac-57bda901dee0.jpg,[]
b58b3c5e-df4b-11ed-8dac-57bda901dee0.jpg,['U65 EpT']
b6949582-df4b-11ed-8dac-57bda901dee0.jpg,"['EPH', '8J6s']"
b7a92dfc-df4b-11ed-8dac-57bda901dee0.jpg,['3J65 EPT']
b8ce05c2-df4b-11ed-8dac-57bda901dee0.jpg,['BJ65 EPI']
b9d94b66-df4b-11ed-8dac-57bda901dee0.jpg,['BJ65 EPL']
b9d94b67-df4b-11ed-8dac-57bda901dee0.jpg,['BJ65 EPI']
bbe80e1a-df4b-11ed-8dac-57bda901dee0.jpg,['BJ65 EPI']
d752825c-df4b-11ed-8dac-57bda901dee0.jpg,['SHOLROOM']
d8647240-df4b-11ed-8dac-57bda901dee0.jpg,['BHOLROO ']
d9788054-df4b-11ed-8dac-57bda901dee0.jpg,['SHOLRoom']
da94da6e-df4b-11ed-8dac-57bda901dee0.jpg,['shouroor']
da94da6f-df4b-11ed-8dac-57bda901dee0.jpg,['ShoRoO.']
59272828-df4c-11ed-8dac-57bda901dee0.jpg,['UsYgg']
5a3bc4b2-df4c-11ed-8dac-57bda901dee0.jpg,['JsY99']
5c022fe8-df4c-11ed-8dac-57bda901dee0.jpg,['JsYgg']
16a98ec2-df4d-11ed-8dac-57bda901dee0.jpg,"['KA', 'BB66', '17 2']"
2a0cbc96-df4d-11ed-8dac-57bda901dee0.jpg,['TN39 : *']
2b329d02-df4d-11ed-8dac-57bda901dee0.jpg,['Tn39 CU 0367']
2c3e9e3a-df4d-11ed-8dac-57bda901dee0.jpg,['Tn39 CU0867']
2d5f9490-df4d-11ed-8dac-57bda901dee0.jpg,['TN39CU0867']
2e69a998-df4d-11ed-8dac-57bda901dee0.jpg,['TN39CU0867']
2f7a621e-df4d-11ed-8dac-57bda901dee0.jpg,['TN 39CU 0867']
2f7a621f-df4d-11ed-8dac-57bda901dee0.jpg,['TN39CU 0867']
31abc528-df4d-11ed-8dac-57bda901dee0.jpg,['TN39CU0367']
49bc75a4-e281-11ed-8ea0-714638c4cbd9.jpg,['21BH 2345 44']
4ac5685c-e281-11ed-8ea0-714638c4cbd9.jpg,['J34']
4ac5685d-e281-11ed-8ea0-714638c4cbd9.jpg,"['72 ""', '1u']"
4cce19e6-e281-11ed-8ea0-714638c4cbd9.jpg,[]
4dd182f6-e281-11ed-8ea0-714638c4cbd9.jpg,['21BH 2345 44']
4dd182f7-e281-11ed-8ea0-714638c4cbd9.jpg,['21 BH 2345 AAL']
4fe25b10-e281-11ed-8ea0-714638c4cbd9.jpg,['21 BH 2345 AA']
50ec982c-e281-11ed-8ea0-714638c4cbd9.jpg,['21 BH 2345 AA']
51f5597a-e281-11ed-8ea0-714638c4cbd9.jpg,['21 BH 2345 AA']
51f5597b-e281-11ed-8ea0-714638c4cbd9.jpg,['21 BH 2345 AA']
5414ea4a-e281-11ed-8ea0-714638c4cbd9.jpg,['21 BH 2345 AA']
55404266-e281-11ed-8ea0-714638c4cbd9.jpg,['21 BH 2345 AA']
6da15514-e283-11ed-8ea0-714638c4cbd9.jpg,[]
6e9c79c6-e283-11ed-8ea0-714638c4cbd9.jpg,[]
e1d24362-e283-11ed-8ea0-714638c4cbd9.jpg,[]
e2dbbc34-e283-11ed-8ea0-714638c4cbd9.jpg,[]
95c23844-e35d-11ed-ae19-37dd06bc4f86.jpg,[]
95c23845-e35d-11ed-ae19-37dd06bc4f86.jpg,['Vmm']
97e0a2fa-e35d-11ed-ae19-37dd06bc4f86.jpg,[]
98e90390-e35d-11ed-ae19-37dd06bc4f86.jpg,['OD']
99e93422-e35d-11ed-ae19-37dd06bc4f86.jpg,['GJO2R0563']
9b153ee0-e35d-11ed-ae19-37dd06bc4f86.jpg,['6JOJER0563']
9b153ee1-e35d-11ed-ae19-37dd06bc4f86.jpg,['GJO3ER0563']
9d2c3e04-e35d-11ed-ae19-37dd06bc4f86.jpg,['6JO3ER0563']
9e342cda-e35d-11ed-ae19-37dd06bc4f86.jpg,['6JO3ER0563']
9f3726aa-e35d-11ed-ae19-37dd06bc4f86.jpg,['6JOJER0563']
9f3726ab-e35d-11ed-ae19-37dd06bc4f86.jpg,['6JOJER0563']
a14df27a-e35d-11ed-ae19-37dd06bc4f86.jpg,['6JO2ERO563']
a264d430-e35d-11ed-ae19-37dd06bc4f86.jpg,['GJOJERO563']
a364953c-e35d-11ed-ae19-37dd06bc4f86.jpg,['~GJOJERO563']
a364953d-e35d-11ed-ae19-37dd06bc4f86.jpg,['~GJOJERO563']
a56d7182-e35d-11ed-ae19-37dd06bc4f86.jpg,['GJOJERO563']
a8b2e3ea-e35d-11ed-ae19-37dd06bc4f86.jpg,['Mk/L']
a8b2e3eb-e35d-11ed-ae19-37dd06bc4f86.jpg,['HRZeDKA']
aad32a90-e35d-11ed-ae19-37dd06bc4f86.jpg,['HR26DK832']
abf011d6-e35d-11ed-ae19-37dd06bc4f86.jpg,['HR26DK8337']
acf62c28-e35d-11ed-ae19-37dd06bc4f86.jpg,['HRZGDK8337']
acf62c29-e35d-11ed-ae19-37dd06bc4f86.jpg,['HRZ6DK8337']
af18b976-e35d-11ed-ae19-37dd06bc4f86.jpg,['HRZGDK8337']
b0260b84-e35d-11ed-ae19-37dd06bc4f86.jpg,['HR26DK8337']
b12b7938-e35d-11ed-ae19-37dd06bc4f86.jpg,['HRZ6DK8337']
b12b7939-e35d-11ed-ae19-37dd06bc4f86.jpg,['HRZGDK8337']
1963f050-e360-11ed-ae19-37dd06bc4f86.jpg,['B055']
1aa49582-e360-11ed-ae19-37dd06bc4f86.jpg,['B05s']
1aa49583-e360-11ed-ae19-37dd06bc4f86.jpg,['B055']
1cc1addc-e360-11ed-ae19-37dd06bc4f86.jpg,['B05s']
1dcf7cb8-e360-11ed-ae19-37dd06bc4f86.jpg,['B055']
1edc1c56-e360-11ed-ae19-37dd06bc4f86.jpg,['B055']
1ff28a62-e360-11ed-ae19-37dd06bc4f86.jpg,['B0ss']
1ff28a63-e360-11ed-ae19-37dd06bc4f86.jpg,['B05s']
221c6dbc-e360-11ed-ae19-37dd06bc4f86.jpg,['Boss']
2329b2f0-e360-11ed-ae19-37dd06bc4f86.jpg,[]
269ba61e-e360-11ed-ae19-37dd06bc4f86.jpg,['MH AABR 6899']
27acd244-e360-11ed-ae19-37dd06bc4f86.jpg,['MHI4BR6899']
27acd245-e360-11ed-ae19-37dd06bc4f86.jpg,['HhABR6899']
29d3e2ce-e360-11ed-ae19-37dd06bc4f86.jpg,['HH I4BR6899']
2afb9eb2-e360-11ed-ae19-37dd06bc4f86.jpg,['MH I4BR 68991']
2c14f730-e360-11ed-ae19-37dd06bc4f86.jpg,['HHABR6899']
2d3739ac-e360-11ed-ae19-37dd06bc4f86.jpg,['MH I4BR 6899']
2efb4800-e360-11ed-ae19-37dd06bc4f86.jpg,['HHABR6899']
3016fb4e-e360-11ed-ae19-37dd06bc4f86.jpg,['HH A4BR6899']
387cd466-e360-11ed-ae19-37dd06bc4f86.jpg,[]
399189f0-e360-11ed-ae19-37dd06bc4f86.jpg,[]
399189f1-e360-11ed-ae19-37dd06bc4f86.jpg,['44214']
3bc3065e-e360-11ed-ae19-37dd06bc4f86.jpg,"['44""44214']"
3cdcb3fa-e360-11ed-ae19-37dd06bc4f86.jpg,['Rzn']
3df45586-e360-11ed-ae19-37dd06bc4f86.jpg,['472  -']
3f107210-e360-11ed-ae19-37dd06bc4f86.jpg,['MmaK4Zih']
402ff3f0-e360-11ed-ae19-37dd06bc4f86.jpg,"['Nm47442,4']"
51adf726-e360-11ed-ae19-37dd06bc4f86.jpg,"[""U07444620'""]"
52ce4e30-e360-11ed-ae19-37dd06bc4f86.jpg,['[407444620']
542f06b6-e360-11ed-ae19-37dd06bc4f86.jpg,['U0zL4L620']
55414988-e360-11ed-ae19-37dd06bc4f86.jpg,"['""0K07444620']"
565629ce-e360-11ed-ae19-37dd06bc4f86.jpg,['-0K07444620']
576594ee-e360-11ed-ae19-37dd06bc4f86.jpg,['UK07404620']
576594ef-e360-11ed-ae19-37dd06bc4f86.jpg,['Wu/algz0']
931dae08-e361-11ed-ae19-37dd06bc4f86.jpg,['HH030A964Z']
9428cb3e-e361-11ed-ae19-37dd06bc4f86.jpg,['HH030A96/7']
9539a958-e361-11ed-ae19-37dd06bc4f86.jpg,['HH030A96/7']
9642c3ac-e361-11ed-ae19-37dd06bc4f86.jpg,['HHO30A964Z']
97e40a4a-e361-11ed-ae19-37dd06bc4f86.jpg,['HHO30A9647']
98f90674-e361-11ed-ae19-37dd06bc4f86.jpg,['HH030A96LZ']
9a6c754a-e361-11ed-ae19-37dd06bc4f86.jpg,['HHO3DA964Z']
9a6c754b-e361-11ed-ae19-37dd06bc4f86.jpg,['HHO3DA964Z']
9cb00e70-e361-11ed-ae19-37dd06bc4f86.jpg,['HHO3DA964Z']
b1f52e28-e361-11ed-ae19-37dd06bc4f86.jpg,['(AOSHDL9L3']
b3067006-e361-11ed-ae19-37dd06bc4f86.jpg,['(AQ5NDZ9L3']
b41730ca-e361-11ed-ae19-37dd06bc4f86.jpg,['KAOSND49Z3']
b41730cb-e361-11ed-ae19-37dd06bc4f86.jpg,['405ndz9L3']
b63a47c0-e361-11ed-ae19-37dd06bc4f86.jpg,['A05hD49Z3']
b76739f0-e361-11ed-ae19-37dd06bc4f86.jpg,['(A05N04943']
d6612720-e362-11ed-ae19-37dd06bc4f86.jpg,['HR26DKO337']
9c06db00-e363-11ed-ae19-37dd06bc4f86.jpg,[]
9d0aa66c-e363-11ed-ae19-37dd06bc4f86.jpg,['21hN']
9e14ec66-e363-11ed-ae19-37dd06bc4f86.jpg,['21 VhMa']
9e14ec67-e363-11ed-ae19-37dd06bc4f86.jpg,['21 BHMAIN']
a02ab292-e363-11ed-ae19-37dd06bc4f86.jpg,['Iaiui']
a14e5cd2-e363-11ed-ae19-37dd06bc4f86.jpg,['21 BH 3421 AA']
a25a147c-e363-11ed-ae19-37dd06bc4f86.jpg,['21 BH 3421 AA']
a35c790a-e363-11ed-ae19-37dd06bc4f86.jpg,['21 BH 2345AA']
a35c790b-e363-11ed-ae19-37dd06bc4f86.jpg,['421 BH 2345 AA']
a56459fc-e363-11ed-ae19-37dd06bc4f86.jpg,['21 BH 2345A4']
a676c276-e363-11ed-ae19-37dd06bc4f86.jpg,['21 BH 3421AA']
a676c277-e363-11ed-ae19-37dd06bc4f86.jpg,['21 BH 3421 AA']
2ce1a320-e365-11ed-ae19-37dd06bc4f86.jpg,['P 688 CC']
2df08f42-e365-11ed-ae19-37dd06bc4f86.jpg,['688 CC']
2df08f43-e365-11ed-ae19-37dd06bc4f86.jpg,['P 688 CC']
30042866-e365-11ed-ae19-37dd06bc4f86.jpg,['688 CC']
3110a2d4-e365-11ed-ae19-37dd06bc4f86.jpg,"['p', '688 CC']"
321ae5d6-e365-11ed-ae19-37dd06bc4f86.jpg,['P688CC']
321ae5d7-e365-11ed-ae19-37dd06bc4f86.jpg,['688 CC']
3440e900-e365-11ed-ae19-37dd06bc4f86.jpg,['688 CC']
faf9a13e-e3ee-11ed-b8fb-c73625a258ca.jpg,['4R26DA8337']
faf9a13f-e3ee-11ed-b8fb-c73625a258ca.jpg,['HRZ6DK8337']
fd09a7d0-e3ee-11ed-b8fb-c73625a258ca.jpg,['HR2GDK83377']
fe1417aa-e3ee-11ed-b8fb-c73625a258ca.jpg,['HRZGDK8337]']
ff21ac2a-e3ee-11ed-b8fb-c73625a258ca.jpg,['HRZGDK8337']
ff21ac2b-e3ee-11ed-b8fb-c73625a258ca.jpg,['HRZGDK8337']
014f22ca-e3ef-11ed-b8fb-c73625a258ca.jpg,['HRZ6DK8337|']
0257c35c-e3ef-11ed-b8fb-c73625a258ca.jpg,['HRZSDK8337']
035e4d20-e3ef-11ed-b8fb-c73625a258ca.jpg,['HRZGDK8337']
035e4d21-e3ef-11ed-b8fb-c73625a258ca.jpg,['HRZGDK8337']
058856cc-e3ef-11ed-b8fb-c73625a258ca.jpg,['HRZGDK8337']
06998464-e3ef-11ed-b8fb-c73625a258ca.jpg,['HRZGDK8337']
07ac7df2-e3ef-11ed-b8fb-c73625a258ca.jpg,['HRZGDK8337']
08caadee-e3ef-11ed-b8fb-c73625a258ca.jpg,['HRZGDK8337']
09e82f6c-e3ef-11ed-b8fb-c73625a258ca.jpg,['HRZGDK8337']
09e82f6d-e3ef-11ed-b8fb-c73625a258ca.jpg,['HR2GDK8337']
0c3b1a0e-e3ef-11ed-b8fb-c73625a258ca.jpg,['HR26DK8337']
0c3b1a0f-e3ef-11ed-b8fb-c73625a258ca.jpg,['HRZSDK8337']
0e5ed262-e3ef-11ed-b8fb-c73625a258ca.jpg,['HR26DK8337']
1323a994-e3ef-11ed-b8fb-c73625a258ca.jpg,['WiiNaa']
14309982-e3ef-11ed-b8fb-c73625a258ca.jpg,['XliI']
15378728-e3ef-11ed-b8fb-c73625a258ca.jpg,['Iia']
15378729-e3ef-11ed-b8fb-c73625a258ca.jpg,['WL I42| KA']
174b9342-e3ef-11ed-b8fb-c73625a258ca.jpg,['21 BH 3421 44']
18572d82-e3ef-11ed-b8fb-c73625a258ca.jpg,['21 BH 3421 AA']
196649ba-e3ef-11ed-b8fb-c73625a258ca.jpg,['21 BH 3421 AA']
196649bb-e3ef-11ed-b8fb-c73625a258ca.jpg,['21 BH 3421 AA']
1b7863a0-e3ef-11ed-b8fb-c73625a258ca.jpg,['21 BH 3421 AA']
1c824fe0-e3ef-11ed-b8fb-c73625a258ca.jpg,['21 BH 3421 AA']
1d91b416-e3ef-11ed-b8fb-c73625a258ca.jpg,['21 BH 3421 AA']
1d91b417-e3ef-11ed-b8fb-c73625a258ca.jpg,['21 BH 3421 AA']
775e38c4-e3f0-11ed-b8fb-c73625a258ca.jpg,[]
7b59b282-e3f0-11ed-b8fb-c73625a258ca.jpg,['218H95254']
7c97fb22-e3f0-11ed-b8fb-c73625a258ca.jpg,['21 BH3421@4']
7c97fb23-e3f0-11ed-b8fb-c73625a258ca.jpg,['21 BH3421M]']
7e961864-e3f0-11ed-b8fb-c73625a258ca.jpg,['21 BH 3421n4']
7f967a60-e3f0-11ed-b8fb-c73625a258ca.jpg,['21 BH 3421M1']
7f967a61-e3f0-11ed-b8fb-c73625a258ca.jpg,['21 BH 34210]']
81929fec-e3f0-11ed-b8fb-c73625a258ca.jpg,['21 BH 3421A']
82910226-e3f0-11ed-b8fb-c73625a258ca.jpg,['21 BH 3J421AA']
82910227-e3f0-11ed-b8fb-c73625a258ca.jpg,['21BH 3421 AA']
8492d59a-e3f0-11ed-b8fb-c73625a258ca.jpg,['21 BH 34210']
85918d9c-e3f0-11ed-b8fb-c73625a258ca.jpg,['21 BH 3421 AA']
85918d9d-e3f0-11ed-b8fb-c73625a258ca.jpg,['21 BH 3421A']
878dbdf0-e3f0-11ed-b8fb-c73625a258ca.jpg,['21 BH 3421 @]']
888ee238-e3f0-11ed-b8fb-c73625a258ca.jpg,['21 BH 3421 A']
888ee239-e3f0-11ed-b8fb-c73625a258ca.jpg,['21 BH 3421AA']
8c2b9e5e-e3f0-11ed-b8fb-c73625a258ca.jpg,['IN 01 AA 0420']
8e237754-e3f0-11ed-b8fb-c73625a258ca.jpg,['IN 01 AA 0420']
8f23bd4e-e3f0-11ed-b8fb-c73625a258ca.jpg,['IN 01 AA 0420']
91bbaea4-e3f0-11ed-b8fb-c73625a258ca.jpg,['Im01 AA 0420']
92bd9b46-e3f0-11ed-b8fb-c73625a258ca.jpg,['IN01 AA 0420']
9ad5e874-e3f0-11ed-b8fb-c73625a258ca.jpg,['44 WH 66567}']
9bdec2a4-e3f0-11ed-b8fb-c73625a258ca.jpg,['31 BH 0656 XX']
9cf192de-e3f0-11ed-b8fb-c73625a258ca.jpg,['BH 5656 X)']
9e001a92-e3f0-11ed-b8fb-c73625a258ca.jpg,['21 BH 5656 X']
9e001a93-e3f0-11ed-b8fb-c73625a258ca.jpg,['21 BH 5656XZ']
a00db65a-e3f0-11ed-b8fb-c73625a258ca.jpg,['21 BH 5656 X:']
a11a1638-e3f0-11ed-b8fb-c73625a258ca.jpg,['21 BH 5656 X>']
a226d1d8-e3f0-11ed-b8fb-c73625a258ca.jpg,['21 BH 5656 X>']
a226d1d9-e3f0-11ed-b8fb-c73625a258ca.jpg,['21 BH 5656Xz']
a439744e-e3f0-11ed-b8fb-c73625a258ca.jpg,['21 BH 5656 X)']
a5407e46-e3f0-11ed-b8fb-c73625a258ca.jpg,['21 BH 5656 X>']
a5407e47-e3f0-11ed-b8fb-c73625a258ca.jpg,['21 BH 5656XZ']
a750afbc-e3f0-11ed-b8fb-c73625a258ca.jpg,['21 BH 5656Xz']
a85a6c04-e3f0-11ed-b8fb-c73625a258ca.jpg,['21 BH 5656X']
a962b516-e3f0-11ed-b8fb-c73625a258ca.jpg,['21 BH 5656 X']
a962b517-e3f0-11ed-b8fb-c73625a258ca.jpg,"['21', '5656 X', 'BH']"
ae9c1efa-e3f0-11ed-b8fb-c73625a258ca.jpg,['P688 CC']
afa870b4-e3f0-11ed-b8fb-c73625a258ca.jpg,['P688 CC']
b0c3b17a-e3f0-11ed-b8fb-c73625a258ca.jpg,['P 688 CC']
b1d5eb6e-e3f0-11ed-b8fb-c73625a258ca.jpg,"['P', '688 CC']"
b2e1db26-e3f0-11ed-b8fb-c73625a258ca.jpg,['688 CC']
b2e1db27-e3f0-11ed-b8fb-c73625a258ca.jpg,['688 Cc']
b4f79de2-e3f0-11ed-b8fb-c73625a258ca.jpg,"['P', '688 CC']"
b621eb46-e3f0-11ed-b8fb-c73625a258ca.jpg,['P688 Cc']
b72f0ca8-e3f0-11ed-b8fb-c73625a258ca.jpg,['P688 CC']
b8486fd0-e3f0-11ed-b8fb-c73625a258ca.jpg,['P688 CC']
b8486fd1-e3f0-11ed-b8fb-c73625a258ca.jpg,['688 CC']
ba649fdc-e3f0-11ed-b8fb-c73625a258ca.jpg,['P 688 CC']
bb7560d2-e3f0-11ed-b8fb-c73625a258ca.jpg,['P 688 CC']
a74088de-e3f1-11ed-b8fb-c73625a258ca.jpg,['TN 63 DB 5481']
a74088df-e3f1-11ed-b8fb-c73625a258ca.jpg,['TN 63 DB 5481']
a9529c52-e3f1-11ed-b8fb-c73625a258ca.jpg,['IN 63 DB 5481']
aa5ab008-e3f1-11ed-b8fb-c73625a258ca.jpg,['IN 63 DB 5481']
0de6305c-e3f2-11ed-b8fb-c73625a258ca.jpg,['P688 CC']
0f0f585a-e3f2-11ed-b8fb-c73625a258ca.jpg,['P688 CC']
0f0f585b-e3f2-11ed-b8fb-c73625a258ca.jpg,['Pb88 CC']
112e8f3e-e3f2-11ed-b8fb-c73625a258ca.jpg,['P688 CC']
1244c7e4-e3f2-11ed-b8fb-c73625a258ca.jpg,['P688 CC']
13582338-e3f2-11ed-b8fb-c73625a258ca.jpg,"['P', 'CC', '688_']"
9629b4ca-e3f2-11ed-b8fb-c73625a258ca.jpg,['P 688CC']
9737de6e-e3f2-11ed-b8fb-c73625a258ca.jpg,['P688 CC']
983ee028-e3f2-11ed-b8fb-c73625a258ca.jpg,['688 CC']
994ab000-e3f2-11ed-b8fb-c73625a258ca.jpg,['688 CC']
994ab001-e3f2-11ed-b8fb-c73625a258ca.jpg,['688 CC']
9b5fd032-e3f2-11ed-b8fb-c73625a258ca.jpg,['688 CC']
9c6fd530-e3f2-11ed-b8fb-c73625a258ca.jpg,"['5', '688CC']"
9d7d8120-e3f2-11ed-b8fb-c73625a258ca.jpg,['P688 CC']
9d7d8121-e3f2-11ed-b8fb-c73625a258ca.jpg,['2 688CC']
9fa7c032-e3f2-11ed-b8fb-c73625a258ca.jpg,['P688 CC']
a0b89104-e3f2-11ed-b8fb-c73625a258ca.jpg,['2 688CC']
a1c7c646-e3f2-11ed-b8fb-c73625a258ca.jpg,['2 688 CC']
5306c844-e3f3-11ed-b8fb-c73625a258ca.jpg,['P 688 CC']
540cf038-e3f3-11ed-b8fb-c73625a258ca.jpg,['P688 CC']
5515da9e-e3f3-11ed-b8fb-c73625a258ca.jpg,['P688CC']
5515da9f-e3f3-11ed-b8fb-c73625a258ca.jpg,['688 CC']
5726f70a-e3f3-11ed-b8fb-c73625a258ca.jpg,['P 688 CC']
582ff052-e3f3-11ed-b8fb-c73625a258ca.jpg,['688 CC']
5938276c-e3f3-11ed-b8fb-c73625a258ca.jpg,['P 688 CC']
5938276d-e3f3-11ed-b8fb-c73625a258ca.jpg,['P688 CC']
5b4bcfea-e3f3-11ed-b8fb-c73625a258ca.jpg,['P688CC']
5c5912e4-e3f3-11ed-b8fb-c73625a258ca.jpg,"['P', '688 CC']"
5d7a2f00-e3f3-11ed-b8fb-c73625a258ca.jpg,['007']
5e8eab0a-e3f3-11ed-b8fb-c73625a258ca.jpg,['007']
5e8eab0b-e3f3-11ed-b8fb-c73625a258ca.jpg,['007']
60aaa01a-e3f3-11ed-b8fb-c73625a258ca.jpg,['007']
61bb36d6-e3f3-11ed-b8fb-c73625a258ca.jpg,['007']
62c8c2e6-e3f3-11ed-b8fb-c73625a258ca.jpg,['007']
c533e884-e3f3-11ed-b8fb-c73625a258ca.jpg,['007']
c639fd90-e3f3-11ed-b8fb-c73625a258ca.jpg,['007']
c639fd91-e3f3-11ed-b8fb-c73625a258ca.jpg,['007']
cbdaab1e-e3f3-11ed-b8fb-c73625a258ca.jpg,['00 AA 000']
cd056b1e-e3f3-11ed-b8fb-c73625a258ca.jpg,['00 AA 000']
ce0ba744-e3f3-11ed-b8fb-c73625a258ca.jpg,['00 AA 00u']
d075fc6e-e3f3-11ed-b8fb-c73625a258ca.jpg,['00 AA 000']
d1fe000e-e3f3-11ed-b8fb-c73625a258ca.jpg,['OO AAOOO']
d303c984-e3f3-11ed-b8fb-c73625a258ca.jpg,['O0 AAOOO']
d411cee8-e3f3-11ed-b8fb-c73625a258ca.jpg,['00 AAOOO']
d520f8b8-e3f3-11ed-b8fb-c73625a258ca.jpg,['00 AAOOO']
d520f8b9-e3f3-11ed-b8fb-c73625a258ca.jpg,['00 AAOOO']
d73292e2-e3f3-11ed-b8fb-c73625a258ca.jpg,['LO0 AAO00']
d83f8bae-e3f3-11ed-b8fb-c73625a258ca.jpg,"['00', 'AAOOO']"
d83f8baf-e3f3-11ed-b8fb-c73625a258ca.jpg,"['00', 'AAOOO']"
d9fcf152-e3f3-11ed-b8fb-c73625a258ca.jpg,"['90', 'OR 755_']"
d9fcf153-e3f3-11ed-b8fb-c73625a258ca.jpg,"['90', 'OR 755_']"
db2e9eea-e3f3-11ed-b8fb-c73625a258ca.jpg,"['90', 'OR 755']"
db2e9eeb-e3f3-11ed-b8fb-c73625a258ca.jpg,"['90', 'OR 755']"
dc5108da-e3f3-11ed-b8fb-c73625a258ca.jpg,"['90', 'OR 755']"
dc5108db-e3f3-11ed-b8fb-c73625a258ca.jpg,"['90', 'OR 755']"
dd7ef51e-e3f3-11ed-b8fb-c73625a258ca.jpg,"['90', 'OR 755']"
dd7ef51f-e3f3-11ed-b8fb-c73625a258ca.jpg,"['90', 'OR 755']"
deb9aa14-e3f3-11ed-b8fb-c73625a258ca.jpg,"['90', 'OR 755']"
deb9aa15-e3f3-11ed-b8fb-c73625a258ca.jpg,"['90', 'OR 755']"
dfe52dd2-e3f3-11ed-b8fb-c73625a258ca.jpg,"['90', 'OR 755']"
dfe52dd3-e3f3-11ed-b8fb-c73625a258ca.jpg,"['90', 'OR 755']"
e10ffaca-e3f3-11ed-b8fb-c73625a258ca.jpg,"['90', 'OR 755']"
e10ffacb-e3f3-11ed-b8fb-c73625a258ca.jpg,"['90', 'OR 755']"
e23eda10-e3f3-11ed-b8fb-c73625a258ca.jpg,"['90', 'OR 755']"
e23eda11-e3f3-11ed-b8fb-c73625a258ca.jpg,"['90', 'OR 755']"
e36cdd7e-e3f3-11ed-b8fb-c73625a258ca.jpg,"['90', 'OR 755']"
e36cdd7f-e3f3-11ed-b8fb-c73625a258ca.jpg,"['90', 'OR 755']"
e36cdd80-e3f3-11ed-b8fb-c73625a258ca.jpg,"['90', 'OR 755']"
e4989a12-e3f3-11ed-b8fb-c73625a258ca.jpg,"['90', 'OR 755']"
e4989a13-e3f3-11ed-b8fb-c73625a258ca.jpg,"['90', 'OR 755']"
e4989a14-e3f3-11ed-b8fb-c73625a258ca.jpg,"['90', 'OR 755']"
e6f4d1cc-e3f3-11ed-b8fb-c73625a258ca.jpg,"['90', 'OR 755']"
e6f4d1cd-e3f3-11ed-b8fb-c73625a258ca.jpg,"['90', 'OR 755']"
e822509c-e3f3-11ed-b8fb-c73625a258ca.jpg,"['90', 'OR 755']"
e822509d-e3f3-11ed-b8fb-c73625a258ca.jpg,"['90', 'OR 755']"
ea6ebc28-e3f3-11ed-b8fb-c73625a258ca.jpg,['102 OQ 012']
eb844c54-e3f3-11ed-b8fb-c73625a258ca.jpg,['102 OQ 012']
ec8a44aa-e3f3-11ed-b8fb-c73625a258ca.jpg,['102 OQ 012']
ee5b6f66-e3f3-11ed-b8fb-c73625a258ca.jpg,['Tu2 OU) U12']
fd1c5866-e3f4-11ed-b8fb-c73625a258ca.jpg,"['20', 'Z70']"
fd1c5867-e3f4-11ed-b8fb-c73625a258ca.jpg,"['20', 'Z70']"
fe296230-e3f4-11ed-b8fb-c73625a258ca.jpg,['FE12Z-EE']
ff349a82-e3f4-11ed-b8fb-c73625a258ca.jpg,"['IGE WVV', '779']"
ff349a83-e3f4-11ed-b8fb-c73625a258ca.jpg,"['IGE WVV', '779']"
ff349a84-e3f4-11ed-b8fb-c73625a258ca.jpg,"['GE', 'WVV', '779']"
ff349a85-e3f4-11ed-b8fb-c73625a258ca.jpg,"['GE', 'WVV', '779']"
ff349a86-e3f4-11ed-b8fb-c73625a258ca.jpg,"['GE', 'WVV', '779']"
014835f4-e3f5-11ed-b8fb-c73625a258ca.jpg,['FF-127-EE']
025296ec-e3f5-11ed-b8fb-c73625a258ca.jpg,['FF-127-EE']
03618ff2-e3f5-11ed-b8fb-c73625a258ca.jpg,['FF-127-EE']
ae89f34c-e3f5-11ed-b8fb-c73625a258ca.jpg,['TF12I EE']
af9376f0-e3f5-11ed-b8fb-c73625a258ca.jpg,['FE127-EE']
af9376f1-e3f5-11ed-b8fb-c73625a258ca.jpg,['FF-127-EE']
b1bf3360-e3f5-11ed-b8fb-c73625a258ca.jpg,['FF-127-EE']
b2ccb71e-e3f5-11ed-b8fb-c73625a258ca.jpg,['FF-127-EE']
b3d43650-e3f5-11ed-b8fb-c73625a258ca.jpg,['FF-127-EE']
b3d43651-e3f5-11ed-b8fb-c73625a258ca.jpg,['FF-127-EE']
b61a4f62-e3f5-11ed-b8fb-c73625a258ca.jpg,['FF-127-EE']
b722fbac-e3f5-11ed-b8fb-c73625a258ca.jpg,['FF-127-EE']
b83237e2-e3f5-11ed-b8fb-c73625a258ca.jpg,['FE:127-EE']
c3991ed4-e3f5-11ed-b8fb-c73625a258ca.jpg,['FF-127-EE']
c4ac76e0-e3f5-11ed-b8fb-c73625a258ca.jpg,['FF-127-EE']
c5b48078-e3f5-11ed-b8fb-c73625a258ca.jpg,['FF-127-EE']
c5b48079-e3f5-11ed-b8fb-c73625a258ca.jpg,['FF-127-EE']
c7c9a0e6-e3f5-11ed-b8fb-c73625a258ca.jpg,['FF-127-EE']
da510998-e3f5-11ed-b8fb-c73625a258ca.jpg,['F-127-EE']
db5c0568-e3f5-11ed-b8fb-c73625a258ca.jpg,['F-127-EE']
dd17c5c2-e3f5-11ed-b8fb-c73625a258ca.jpg,"['""F-127-EE']"
de220aea-e3f5-11ed-b8fb-c73625a258ca.jpg,['FF-127-EE']
de220aeb-e3f5-11ed-b8fb-c73625a258ca.jpg,['FF-127-EE']
e0383f70-e3f5-11ed-b8fb-c73625a258ca.jpg,['-F-127-EE']
e1426328-e3f5-11ed-b8fb-c73625a258ca.jpg,['FF-127-EE']
e261d7e8-e3f5-11ed-b8fb-c73625a258ca.jpg,['FF- 127-EE']
e3715d20-e3f5-11ed-b8fb-c73625a258ca.jpg,['FF-127-EE ']
e3715d21-e3f5-11ed-b8fb-c73625a258ca.jpg,"['FF-127-EE ""']"
e58657b4-e3f5-11ed-b8fb-c73625a258ca.jpg,['FF-127-EE']
e74cc416-e3f5-11ed-b8fb-c73625a258ca.jpg,['00 AAOOO']
e93f6ec2-e3f5-11ed-b8fb-c73625a258ca.jpg,['0Q AA 000']
ea490ab2-e3f5-11ed-b8fb-c73625a258ca.jpg,['00 AA 000']
eb532672-e3f5-11ed-b8fb-c73625a258ca.jpg,['00 AA 000']
ec5ce80a-e3f5-11ed-b8fb-c73625a258ca.jpg,['00 AA 000']
ec5ce80b-e3f5-11ed-b8fb-c73625a258ca.jpg,['OQ AA 000']
ee75a55a-e3f5-11ed-b8fb-c73625a258ca.jpg,['00 AA 000']
ef8209b6-e3f5-11ed-b8fb-c73625a258ca.jpg,"[""'LOO AA 000""]"
f0889ff0-e3f5-11ed-b8fb-c73625a258ca.jpg,['EDoDWD']
f0889ff1-e3f5-11ed-b8fb-c73625a258ca.jpg,['@io d9p']
f294c3dc-e3f5-11ed-b8fb-c73625a258ca.jpg,['00 AAOOO']
f8e312e8-e3f5-11ed-b8fb-c73625a258ca.jpg,['120']
f8e312e9-e3f5-11ed-b8fb-c73625a258ca.jpg,['00 AAOOO']
fb0c6312-e3f5-11ed-b8fb-c73625a258ca.jpg,['102 OQ 012']
fc166366-e3f5-11ed-b8fb-c73625a258ca.jpg,['102 OQ 012']
fd1f9886-e3f5-11ed-b8fb-c73625a258ca.jpg,['102 0Q 012']
fe463512-e3f5-11ed-b8fb-c73625a258ca.jpg,['102 OQ 012']
fe463513-e3f5-11ed-b8fb-c73625a258ca.jpg,['00 AAOOO']
005bacf6-e3f6-11ed-b8fb-c73625a258ca.jpg,['020Q 012']
06b45396-e3f6-11ed-b8fb-c73625a258ca.jpg,['P688 CC']
07c997e6-e3f6-11ed-b8fb-c73625a258ca.jpg,['P688 CC']
07c997e7-e3f6-11ed-b8fb-c73625a258ca.jpg,['P688 CC']
09e4c30c-e3f6-11ed-b8fb-c73625a258ca.jpg,['P688 CC']
0af0511c-e3f6-11ed-b8fb-c73625a258ca.jpg,['P688 CC']
0bfb1f24-e3f6-11ed-b8fb-c73625a258ca.jpg,['P 688 CC']
0bfb1f25-e3f6-11ed-b8fb-c73625a258ca.jpg,['P688 CC']
0e289bb4-e3f6-11ed-b8fb-c73625a258ca.jpg,['P688 CC']
0f3035f8-e3f6-11ed-b8fb-c73625a258ca.jpg,['P 688 CC']
10385034-e3f6-11ed-b8fb-c73625a258ca.jpg,['P688 CC']
10385035-e3f6-11ed-b8fb-c73625a258ca.jpg,['P 688 CC']
12528240-e3f6-11ed-b8fb-c73625a258ca.jpg,['P688 CC']
1fd5314c-e3f6-11ed-b8fb-c73625a258ca.jpg,"[""'P688CC""]"
20e4810a-e3f6-11ed-b8fb-c73625a258ca.jpg,['P688 CC']
22034634-e3f6-11ed-b8fb-c73625a258ca.jpg,['P688 CC']
232fa282-e3f6-11ed-b8fb-c73625a258ca.jpg,['P688 CC']
232fa283-e3f6-11ed-b8fb-c73625a258ca.jpg,['P 688 CC']
253f6c56-e3f6-11ed-b8fb-c73625a258ca.jpg,['P688 CC']
269691ec-e3f6-11ed-b8fb-c73625a258ca.jpg,['luBik']
2795f77c-e3f6-11ed-b8fb-c73625a258ca.jpg,['Jo BM']
28932f28-e3f6-11ed-b8fb-c73625a258ca.jpg,['llod Bun']
28932f29-e3f6-11ed-b8fb-c73625a258ca.jpg,['Iobm']
2a935a78-e3f6-11ed-b8fb-c73625a258ca.jpg,['wuBM)']
30020dec-e3f6-11ed-b8fb-c73625a258ca.jpg,"['RNR', '082']"
30020ded-e3f6-11ed-b8fb-c73625a258ca.jpg,"['RNR', '082']"
31242570-e3f6-11ed-b8fb-c73625a258ca.jpg,"['RNR', '082']"
31242571-e3f6-11ed-b8fb-c73625a258ca.jpg,"['RNR', '082']"
3229a800-e3f6-11ed-b8fb-c73625a258ca.jpg,"['RNR', '082']"
3229a801-e3f6-11ed-b8fb-c73625a258ca.jpg,"['RNR', '082']"
3229a802-e3f6-11ed-b8fb-c73625a258ca.jpg,"['RNR', '082']"
3229a803-e3f6-11ed-b8fb-c73625a258ca.jpg,"['RNR', '082']"
3439f082-e3f6-11ed-b8fb-c73625a258ca.jpg,"['RNR', '082_']"
3439f083-e3f6-11ed-b8fb-c73625a258ca.jpg,"['RNR', '082_']"
356462bc-e3f6-11ed-b8fb-c73625a258ca.jpg,"['RNR', '082']"
356462bd-e3f6-11ed-b8fb-c73625a258ca.jpg,"['RNR', '082']"
366e51f4-e3f6-11ed-b8fb-c73625a258ca.jpg,"['RNR', '082']"
366e51f5-e3f6-11ed-b8fb-c73625a258ca.jpg,"['RNR', '082']"
3780be92-e3f6-11ed-b8fb-c73625a258ca.jpg,"['RNR', '082_']"
3780be93-e3f6-11ed-b8fb-c73625a258ca.jpg,"['RNR', '082_']"
3780be94-e3f6-11ed-b8fb-c73625a258ca.jpg,"['RNR', '082']"
3780be95-e3f6-11ed-b8fb-c73625a258ca.jpg,"['RNR', '082']"
985020c8-e3f6-11ed-b8fb-c73625a258ca.jpg,['P 688CC']
995c0284-e3f6-11ed-b8fb-c73625a258ca.jpg,['P 688 CC']
9a6ad402-e3f6-11ed-b8fb-c73625a258ca.jpg,['P688 CC']
9a6ad403-e3f6-11ed-b8fb-c73625a258ca.jpg,['P688 CC']
9c82653e-e3f6-11ed-b8fb-c73625a258ca.jpg,['P688 CC']
9d8bb0fc-e3f6-11ed-b8fb-c73625a258ca.jpg,['P 688 CC']
9e959e7c-e3f6-11ed-b8fb-c73625a258ca.jpg,['P688 CC']
9e959e7d-e3f6-11ed-b8fb-c73625a258ca.jpg,['P 688 CC']
a0ace7f6-e3f6-11ed-b8fb-c73625a258ca.jpg,['P 688 CC']
a1bb5286-e3f6-11ed-b8fb-c73625a258ca.jpg,['P 688 CC']
a2c22bb4-e3f6-11ed-b8fb-c73625a258ca.jpg,['P 688 CC']
aae604a0-e3f6-11ed-b8fb-c73625a258ca.jpg,['P688 CC']
abf6a49e-e3f6-11ed-b8fb-c73625a258ca.jpg,['P 688 CC']
ad011db0-e3f6-11ed-b8fb-c73625a258ca.jpg,['P 688 CC']
ae0ffcd0-e3f6-11ed-b8fb-c73625a258ca.jpg,['688 CC']
ae0ffcd1-e3f6-11ed-b8fb-c73625a258ca.jpg,['P688CC']
b05a905e-e3f6-11ed-b8fb-c73625a258ca.jpg,['P 688 CC']
dcdfa560-e3f6-11ed-b8fb-c73625a258ca.jpg,['P 688 CC']
dea64ed0-e3f6-11ed-b8fb-c73625a258ca.jpg,"['P', 'CC', '688_']"
dea64ed1-e3f6-11ed-b8fb-c73625a258ca.jpg,"['P', 'CC', '688_']"
dea64ed2-e3f6-11ed-b8fb-c73625a258ca.jpg,"['P', 'CC', '688_']"
e01b52f6-e3f6-11ed-b8fb-c73625a258ca.jpg,['P688 CC']
e123469a-e3f6-11ed-b8fb-c73625a258ca.jpg,['P688 CC']
e230f2a8-e3f6-11ed-b8fb-c73625a258ca.jpg,['P688 CC']
e3347c92-e3f6-11ed-b8fb-c73625a258ca.jpg,['P688CC']
e453501c-e3f6-11ed-b8fb-c73625a258ca.jpg,['P688 CC']
e453501d-e3f6-11ed-b8fb-c73625a258ca.jpg,['P 688CC']
e66e031a-e3f6-11ed-b8fb-c73625a258ca.jpg,['P 688 CC']
e7788f28-e3f6-11ed-b8fb-c73625a258ca.jpg,['P 688 CC']
e884929a-e3f6-11ed-b8fb-c73625a258ca.jpg,['P 688 CC']
e884929b-e3f6-11ed-b8fb-c73625a258ca.jpg,['P688CC']
eaaa9a7e-e3f6-11ed-b8fb-c73625a258ca.jpg,['688 CC']
2dd24afe-e3f7-11ed-b8fb-c73625a258ca.jpg,['P688 CC']
2ef51ae2-e3f7-11ed-b8fb-c73625a258ca.jpg,['P688 CC']
2ef51ae3-e3f7-11ed-b8fb-c73625a258ca.jpg,['P 688 CC']
3107d568-e3f7-11ed-b8fb-c73625a258ca.jpg,['P 688 CC']
3211c7ca-e3f7-11ed-b8fb-c73625a258ca.jpg,['P688 CC']
33295b32-e3f7-11ed-b8fb-c73625a258ca.jpg,['P688 CC']
343d70bc-e3f7-11ed-b8fb-c73625a258ca.jpg,['P 688 CC']
96c68f66-e3f7-11ed-b8fb-c73625a258ca.jpg,['P688 CC']
97d0f32e-e3f7-11ed-b8fb-c73625a258ca.jpg,['P688 CC']
97d0f32f-e3f7-11ed-b8fb-c73625a258ca.jpg,['P 688 CC']
99eb7b8e-e3f7-11ed-b8fb-c73625a258ca.jpg,['P 688 Cc']
9c0ad748-e3f7-11ed-b8fb-c73625a258ca.jpg,['P688 CCI']
9d239908-e3f7-11ed-b8fb-c73625a258ca.jpg,['P688 CC']
9d239909-e3f7-11ed-b8fb-c73625a258ca.jpg,['P688 CC']
9f4d9756-e3f7-11ed-b8fb-c73625a258ca.jpg,['P688 CC']
6b8e247e-e3fe-11ed-b8fb-c73625a258ca.jpg,['P 688 CC']
6d2c5c4c-e3fe-11ed-b8fb-c73625a258ca.jpg,['P688 CC']
6d2c5c4d-e3fe-11ed-b8fb-c73625a258ca.jpg,['P688 CC']
704d168c-e3fe-11ed-b8fb-c73625a258ca.jpg,['P 688CC']
72044bda-e3fe-11ed-b8fb-c73625a258ca.jpg,['P688 CC']
72044bdb-e3fe-11ed-b8fb-c73625a258ca.jpg,['P688 CC']
741298b4-e3fe-11ed-b8fb-c73625a258ca.jpg,['P688 CC']
7fe53552-e3fe-11ed-b8fb-c73625a258ca.jpg,"['N63 @B', '5481']"
7fe53553-e3fe-11ed-b8fb-c73625a258ca.jpg,"['N63 @B', '5481']"
80f4c1ec-e3fe-11ed-b8fb-c73625a258ca.jpg,['63 @B 5481']
820b8048-e3fe-11ed-b8fb-c73625a258ca.jpg,"['N 63 @B', '5481']"
820b8049-e3fe-11ed-b8fb-c73625a258ca.jpg,"['N 63 @B', '5481']"
87963422-e3fe-11ed-b8fb-c73625a258ca.jpg,['N 63 DB 5481']
89739be0-e3fe-11ed-b8fb-c73625a258ca.jpg,['N 63 DB 5481']
8a96f490-e3fe-11ed-b8fb-c73625a258ca.jpg,['N 63 DB 5481']
8c8232d8-e3fe-11ed-b8fb-c73625a258ca.jpg,['N63 DB 5481']
8def49e4-e3fe-11ed-b8fb-c73625a258ca.jpg,['N 63 DB 5481']
8def49e5-e3fe-11ed-b8fb-c73625a258ca.jpg,['N 63 DB 5481']
9002b3a6-e3fe-11ed-b8fb-c73625a258ca.jpg,['N 63 DB 5481']
910d878a-e3fe-11ed-b8fb-c73625a258ca.jpg,['N 63 DB 5481']
d6bdebbc-e3fe-11ed-b8fb-c73625a258ca.jpg,['DuD2Lde']
d6bdebbd-e3fe-11ed-b8fb-c73625a258ca.jpg,['QQ2B']
d8c97d36-e3fe-11ed-b8fb-c73625a258ca.jpg,['@@DPJ']
d9d2ce76-e3fe-11ed-b8fb-c73625a258ca.jpg,['@pp2nJgja']
dad97770-e3fe-11ed-b8fb-c73625a258ca.jpg,['@ppaua']
dad97771-e3fe-11ed-b8fb-c73625a258ca.jpg,['@DD2ADB']
dcee2934-e3fe-11ed-b8fb-c73625a258ca.jpg,['dod2dB']
ddf3d4a0-e3fe-11ed-b8fb-c73625a258ca.jpg,['@od2 B']
def981ce-e3fe-11ed-b8fb-c73625a258ca.jpg,['Dpp24pB']
def981cf-e3fe-11ed-b8fb-c73625a258ca.jpg,['@DO2DB']
e10a70cc-e3fe-11ed-b8fb-c73625a258ca.jpg,['IZE']
e20ff08c-e3fe-11ed-b8fb-c73625a258ca.jpg,['DOD2NDE']
4d9ee244-e400-11ed-b8fb-c73625a258ca.jpg,"['TS 09', ""'B"", '2381']"
4d9ee245-e400-11ed-b8fb-c73625a258ca.jpg,"['TS 09', ""'B"", '2381']"
4d9ee246-e400-11ed-b8fb-c73625a258ca.jpg,"['TS 09', ""'B"", '2381']"
4ecde458-e400-11ed-b8fb-c73625a258ca.jpg,"['TS 09', 'B', '2381']"
4ecde459-e400-11ed-b8fb-c73625a258ca.jpg,"['TS 09', 'B', '2381']"
4ecde45a-e400-11ed-b8fb-c73625a258ca.jpg,"['TS 09', 'B', '2381']"
4ecde45b-e400-11ed-b8fb-c73625a258ca.jpg,"['TS 09', 'B', '2381']"
4ecde45c-e400-11ed-b8fb-c73625a258ca.jpg,"['TS 09', 'B', '2381']"
4ecde45d-e400-11ed-b8fb-c73625a258ca.jpg,"['TS 09', 'B', '2381']"
50f34282-e400-11ed-b8fb-c73625a258ca.jpg,"['TS 09', 'B', '2381']"
50f34283-e400-11ed-b8fb-c73625a258ca.jpg,"['TS 09', 'B', '2381']"
50f34284-e400-11ed-b8fb-c73625a258ca.jpg,"['TS 09', 'B', '2381']"
52154f5c-e400-11ed-b8fb-c73625a258ca.jpg,"['TS 09', 'PB', '2381']"
52154f5d-e400-11ed-b8fb-c73625a258ca.jpg,"['TS 09', 'PB', '2381']"
52154f5e-e400-11ed-b8fb-c73625a258ca.jpg,"['TS 09', 'PB', '2381']"
5329bb26-e400-11ed-b8fb-c73625a258ca.jpg,"['TS 09', 'PB', '2381']"
5329bb27-e400-11ed-b8fb-c73625a258ca.jpg,"['TS 09', 'PB', '2381']"
5329bb28-e400-11ed-b8fb-c73625a258ca.jpg,"['TS 09', 'PB', '2381']"
58438fec-e400-11ed-b8fb-c73625a258ca.jpg,"['TS 09', 'PB', '2381']"
58438fed-e400-11ed-b8fb-c73625a258ca.jpg,"['TS 09', 'PB', '2381']"
58438fee-e400-11ed-b8fb-c73625a258ca.jpg,"['TS 09', 'PB', '2381']"
58438fef-e400-11ed-b8fb-c73625a258ca.jpg,"['TS 09', 'PB', '2381']"
58438ff0-e400-11ed-b8fb-c73625a258ca.jpg,"['TS 09', 'PB', '2381']"
58438ff1-e400-11ed-b8fb-c73625a258ca.jpg,"['TS 09', 'PB', '2381']"
5a8d6f48-e400-11ed-b8fb-c73625a258ca.jpg,"['TS 09', 'PB', '2381']"
5a8d6f49-e400-11ed-b8fb-c73625a258ca.jpg,"['TS 09', 'PB', '2381']"
5a8d6f4a-e400-11ed-b8fb-c73625a258ca.jpg,"['TS 09', 'PB', '2381']"
5bb87a98-e400-11ed-b8fb-c73625a258ca.jpg,"['TS 09', 'PB', '2381']"
5bb87a99-e400-11ed-b8fb-c73625a258ca.jpg,"['TS 09', 'PB', '2381']"
5bb87a9a-e400-11ed-b8fb-c73625a258ca.jpg,"['TS 09', 'PB', '2381']"
5cedbe0a-e400-11ed-b8fb-c73625a258ca.jpg,"['TS 09', 'PB', '2381']"
5cedbe0b-e400-11ed-b8fb-c73625a258ca.jpg,"['TS 09', 'PB', '2381']"
5cedbe0c-e400-11ed-b8fb-c73625a258ca.jpg,"['TS 09', 'PB', '2381']"
5e0b171a-e400-11ed-b8fb-c73625a258ca.jpg,"['TS 09', 'PB', '2381']"
5e0b171b-e400-11ed-b8fb-c73625a258ca.jpg,"['TS 09', 'PB', '2381']"
5e0b171c-e400-11ed-b8fb-c73625a258ca.jpg,"['TS 09', 'PB', '2381']"
6592a7be-e400-11ed-b8fb-c73625a258ca.jpg,['TSO8FV6634']
66a4481a-e400-11ed-b8fb-c73625a258ca.jpg,['TSO8FV6634']
66a4481b-e400-11ed-b8fb-c73625a258ca.jpg,"[""'So8Fi"", 'V6634']"
66a4481c-e400-11ed-b8fb-c73625a258ca.jpg,"[""'So8Fi"", 'V6634']"
6c99dcee-e400-11ed-b8fb-c73625a258ca.jpg,['TSOBFV6634']
6c99dcef-e400-11ed-b8fb-c73625a258ca.jpg,['TsubFV66J4']
6eb5211e-e400-11ed-b8fb-c73625a258ca.jpg,"[""'TSO8FV6634""]"
6fc3e6da-e400-11ed-b8fb-c73625a258ca.jpg,"['""Tso8FV6634']"
70d53ea2-e400-11ed-b8fb-c73625a258ca.jpg,"['""TSo8FV6634']"
74ace3fe-e400-11ed-b8fb-c73625a258ca.jpg,"['TS 09', 'PB', '238']"
74ace3ff-e400-11ed-b8fb-c73625a258ca.jpg,"['TS 09', 'PB', '238']"
74ace400-e400-11ed-b8fb-c73625a258ca.jpg,"['TS 09', 'PB', '238']"
783dc448-e400-11ed-b8fb-c73625a258ca.jpg,"['TS 09', 'PB', '238']"
783dc449-e400-11ed-b8fb-c73625a258ca.jpg,"['TS 09', 'PB', '238']"
783dc44a-e400-11ed-b8fb-c73625a258ca.jpg,"['TS 09', 'PB', '238']"
7948b3e8-e400-11ed-b8fb-c73625a258ca.jpg,"['TS 09', 'PB', '238']"
7948b3e9-e400-11ed-b8fb-c73625a258ca.jpg,"['TS 09', 'PB', '238']"
7948b3ea-e400-11ed-b8fb-c73625a258ca.jpg,"['TS 09', 'PB', '238']"
7a4f5f12-e400-11ed-b8fb-c73625a258ca.jpg,"['TS 09', 'PB', '2381']"
7a4f5f13-e400-11ed-b8fb-c73625a258ca.jpg,"['TS 09', 'PB', '2381']"
7a4f5f14-e400-11ed-b8fb-c73625a258ca.jpg,"['TS 09', 'PB', '2381']"
7a4f5f15-e400-11ed-b8fb-c73625a258ca.jpg,"['TS 09', 'PB', '2381']"
7a4f5f16-e400-11ed-b8fb-c73625a258ca.jpg,"['TS 09', 'PB', '2381']"
7a4f5f17-e400-11ed-b8fb-c73625a258ca.jpg,"['TS 09', 'PB', '2381']"
7c7c9926-e400-11ed-b8fb-c73625a258ca.jpg,"['TS 09', 'PB', '2381']"
7c7c9927-e400-11ed-b8fb-c73625a258ca.jpg,"['TS 09', 'PB', '2381']"
7c7c9928-e400-11ed-b8fb-c73625a258ca.jpg,"['TS 09', 'PB', '2381']"
7d818a2a-e400-11ed-b8fb-c73625a258ca.jpg,"['TS 09', 'PB', '238']"
7d818a2b-e400-11ed-b8fb-c73625a258ca.jpg,"['TS 09', 'PB', '238']"
7d818a2c-e400-11ed-b8fb-c73625a258ca.jpg,"['TS 09', 'PB', '238']"
f27cb630-e412-11ed-b8fb-c73625a258ca.jpg,['688 CC']
f38ff2da-e412-11ed-b8fb-c73625a258ca.jpg,['P 688 CC']
f49a2ccc-e412-11ed-b8fb-c73625a258ca.jpg,['Tn 63 DB 5401']
f5adb462-e412-11ed-b8fb-c73625a258ca.jpg,['P 688 CC']
f5adb463-e412-11ed-b8fb-c73625a258ca.jpg,['P 688CC']
f7ce4158-e412-11ed-b8fb-c73625a258ca.jpg,['P688 CC']
f8e04f5a-e412-11ed-b8fb-c73625a258ca.jpg,['P688 CC']
acfd4900-e42e-11ed-b8fb-c73625a258ca.jpg,"['Shanghai', '789-Eis|']"
acfd4901-e42e-11ed-b8fb-c73625a258ca.jpg,"['Shanghai', '789-Eis|']"
ae3e85a4-e42e-11ed-b8fb-c73625a258ca.jpg,"['Shanghai', '789-Lis']"
ae3e85a5-e42e-11ed-b8fb-c73625a258ca.jpg,"['Shanghai', '789-Lis']"
af7bcc74-e42e-11ed-b8fb-c73625a258ca.jpg,"['Shanghai""', '789-Eis']"
af7bcc75-e42e-11ed-b8fb-c73625a258ca.jpg,"['Shanghai""', '789-Eis']"
b0bbcc06-e42e-11ed-b8fb-c73625a258ca.jpg,"['Shanghai""', ""'89-Eis""]"
b0bbcc07-e42e-11ed-b8fb-c73625a258ca.jpg,"['Shanghai""', ""'89-Eis""]"
b1e970e2-e42e-11ed-b8fb-c73625a258ca.jpg,"['Shanghai', ""'89-Eig""]"
b1e970e3-e42e-11ed-b8fb-c73625a258ca.jpg,"['Shanghai', ""'89-Eig""]"
b30db00a-e42e-11ed-b8fb-c73625a258ca.jpg,"['Shanghai', '789-Lis]']"
b30db00b-e42e-11ed-b8fb-c73625a258ca.jpg,"['Shanghai', '789-Lis]']"
b462ff78-e42e-11ed-b8fb-c73625a258ca.jpg,"['Shanghai', '789-Eig']"
b462ff79-e42e-11ed-b8fb-c73625a258ca.jpg,"['Shanghai', '789-Eig']"
b5879670-e42e-11ed-b8fb-c73625a258ca.jpg,"['Shanghai', '789-Eig']"
b5879671-e42e-11ed-b8fb-c73625a258ca.jpg,"['Shanghai', '789-Eig']"
b6bf8494-e42e-11ed-b8fb-c73625a258ca.jpg,"['Shanghai ', '789-Eie']"
b6bf8495-e42e-11ed-b8fb-c73625a258ca.jpg,"['Shanghai ', '789-Eie']"
b7eac1c6-e42e-11ed-b8fb-c73625a258ca.jpg,"['Shanghai', '789-Eig']"
b7eac1c7-e42e-11ed-b8fb-c73625a258ca.jpg,"['Shanghai', '789-Eig']"
b915dd6a-e42e-11ed-b8fb-c73625a258ca.jpg,"['Shanghai', '789-Eie']"
b915dd6b-e42e-11ed-b8fb-c73625a258ca.jpg,"['Shanghai', '789-Eie']"
ba40c150-e42e-11ed-b8fb-c73625a258ca.jpg,"['Shanghai', '789-Eiz']"
ba40c151-e42e-11ed-b8fb-c73625a258ca.jpg,"['Shanghai', '789-Eiz']"
bb6da67e-e42e-11ed-b8fb-c73625a258ca.jpg,"['Shanghai ', '789-Lie']"
bb6da67f-e42e-11ed-b8fb-c73625a258ca.jpg,"['Shanghai ', '789-Lie']"
1aa0c41e-e42f-11ed-b8fb-c73625a258ca.jpg,"['4*A', '364551']"
1aa0c41f-e42f-11ed-b8fb-c73625a258ca.jpg,"['4*A', '364551']"
1c29e036-e42f-11ed-b8fb-c73625a258ca.jpg,"[""#'A"", '36455']"
1c29e037-e42f-11ed-b8fb-c73625a258ca.jpg,"[""#'A"", '36455']"
1d3bbee0-e42f-11ed-b8fb-c73625a258ca.jpg,['G']
1e7b389e-e42f-11ed-b8fb-c73625a258ca.jpg,"[""#'A"", '36455']"
1e7b389f-e42f-11ed-b8fb-c73625a258ca.jpg,"[""#'A"", '36455']"
1fc84214-e42f-11ed-b8fb-c73625a258ca.jpg,"[""#'A"", '36455']"
1fc84215-e42f-11ed-b8fb-c73625a258ca.jpg,"[""#'A"", '36455']"
21176122-e42f-11ed-b8fb-c73625a258ca.jpg,"[""#'A"", '36455]']"
21176123-e42f-11ed-b8fb-c73625a258ca.jpg,"[""#'A"", '36455]']"
22617324-e42f-11ed-b8fb-c73625a258ca.jpg,"[""#'A"", '36455]']"
22617325-e42f-11ed-b8fb-c73625a258ca.jpg,"[""#'A"", '36455]']"
23a66226-e42f-11ed-b8fb-c73625a258ca.jpg,"[""#'A"", '36455']"
23a66227-e42f-11ed-b8fb-c73625a258ca.jpg,"[""#'A"", '36455']"
28df3916-e42f-11ed-b8fb-c73625a258ca.jpg,"['Dou', '4', '25-18/']"
28df3917-e42f-11ed-b8fb-c73625a258ca.jpg,"['Dou', '4', '25-18/']"
28df3918-e42f-11ed-b8fb-c73625a258ca.jpg,"['Dou', '4', '25-18/']"
29fee4a4-e42f-11ed-b8fb-c73625a258ca.jpg,"['T9ou', '4', '25-18/']"
29fee4a5-e42f-11ed-b8fb-c73625a258ca.jpg,"['T9ou', '4', '25-18/']"
29fee4a6-e42f-11ed-b8fb-c73625a258ca.jpg,"['T9ou', '4', '25-18/']"
2b1f7f74-e42f-11ed-b8fb-c73625a258ca.jpg,['25-18']
2c4585ce-e42f-11ed-b8fb-c73625a258ca.jpg,"['$', '25-18']"
2c4585cf-e42f-11ed-b8fb-c73625a258ca.jpg,"['$', '25-18']"
3fdbaece-e42f-11ed-b8fb-c73625a258ca.jpg,['2-34']
42b4d7ce-e42f-11ed-b8fb-c73625a258ca.jpg,"['UU_', '92-47l']"
42b4d7cf-e42f-11ed-b8fb-c73625a258ca.jpg,"['UU_', '92-47l']"
43cb23de-e42f-11ed-b8fb-c73625a258ca.jpg,"['02', 'U', '92-47']"
43cb23df-e42f-11ed-b8fb-c73625a258ca.jpg,"['02', 'U', '92-47']"
43cb23e0-e42f-11ed-b8fb-c73625a258ca.jpg,"['02', 'U', '92-47']"
43cb23e1-e42f-11ed-b8fb-c73625a258ca.jpg,"['Mz', '92-42]']"
43cb23e2-e42f-11ed-b8fb-c73625a258ca.jpg,"['Mz', '92-42]']"
45d919f6-e42f-11ed-b8fb-c73625a258ca.jpg,"['MIAo 2', '92-47']"
45d919f7-e42f-11ed-b8fb-c73625a258ca.jpg,"['MIAo 2', '92-47']"
46e2ab1e-e42f-11ed-b8fb-c73625a258ca.jpg,"['KIF0 2', '92-47']"
46e2ab1f-e42f-11ed-b8fb-c73625a258ca.jpg,"['KIF0 2', '92-47']"
4d802d52-e42f-11ed-b8fb-c73625a258ca.jpg,"['RB} 02', '+92-47]']"
4d802d53-e42f-11ed-b8fb-c73625a258ca.jpg,"['RB} 02', '+92-47]']"
5423e752-e42f-11ed-b8fb-c73625a258ca.jpg,"['RI} 0 2', '92-4zJ']"
5423e753-e42f-11ed-b8fb-c73625a258ca.jpg,"['RI} 0 2', '92-4zJ']"
55683c1c-e42f-11ed-b8fb-c73625a258ca.jpg,"['Rip U 2', '492-47/']"
55683c1d-e42f-11ed-b8fb-c73625a258ca.jpg,"['Rip U 2', '492-47/']"
568c26d0-e42f-11ed-b8fb-c73625a258ca.jpg,"['Ri} 0 2', '+92-478']"
568c26d1-e42f-11ed-b8fb-c73625a258ca.jpg,"['Ri} 0 2', '+92-478']"
57b5589c-e42f-11ed-b8fb-c73625a258ca.jpg,"['Ri} U 2', '492-47']"
57b5589d-e42f-11ed-b8fb-c73625a258ca.jpg,"['Ri} U 2', '492-47']"
58fc08a4-e42f-11ed-b8fb-c73625a258ca.jpg,"['Ri} U 2', '492-47/']"
58fc08a5-e42f-11ed-b8fb-c73625a258ca.jpg,"['Ri} U 2', '492-47/']"
5a23a6ec-e42f-11ed-b8fb-c73625a258ca.jpg,"['Ri} U 2', '492-47/']"
5a23a6ed-e42f-11ed-b8fb-c73625a258ca.jpg,"['Ri} U 2', '492-47/']"
5cf205b2-e42f-11ed-b8fb-c73625a258ca.jpg,"['Ri} 0 2', '92-4z]']"
5cf205b3-e42f-11ed-b8fb-c73625a258ca.jpg,"['Ri} 0 2', '92-4z]']"
5e1efaee-e42f-11ed-b8fb-c73625a258ca.jpg,"['RI} 0 2', '492-47/']"
5e1efaef-e42f-11ed-b8fb-c73625a258ca.jpg,"['RI} 0 2', '492-47/']"
5f4419e0-e42f-11ed-b8fb-c73625a258ca.jpg,"['RB} 0 2', '92-478']"
5f4419e1-e42f-11ed-b8fb-c73625a258ca.jpg,"['RB} 0 2', '92-478']"
6768b1da-e42f-11ed-b8fb-c73625a258ca.jpg,"['66', '447Z']"
6768b1db-e42f-11ed-b8fb-c73625a258ca.jpg,"['66', '447Z']"
686f350e-e42f-11ed-b8fb-c73625a258ca.jpg,"['862', '4477']"
686f350f-e42f-11ed-b8fb-c73625a258ca.jpg,"['862', '4477']"
697cbe3a-e42f-11ed-b8fb-c73625a258ca.jpg,"['Rr 002', '447Z']"
697cbe3b-e42f-11ed-b8fb-c73625a258ca.jpg,"['Rr 002', '447Z']"
6a85e5d6-e42f-11ed-b8fb-c73625a258ca.jpg,"['002', '44.77']"
6a85e5d7-e42f-11ed-b8fb-c73625a258ca.jpg,"['002', '44.77']"
6a85e5d8-e42f-11ed-b8fb-c73625a258ca.jpg,"['RH', '882', '4471']"
6a85e5d9-e42f-11ed-b8fb-c73625a258ca.jpg,"['RH', '882', '4471']"
6a85e5da-e42f-11ed-b8fb-c73625a258ca.jpg,"['RH', '882', '4471']"
6cc8e06e-e42f-11ed-b8fb-c73625a258ca.jpg,"['Rip JUU""', '6', '46-49']"
6cc8e06f-e42f-11ed-b8fb-c73625a258ca.jpg,"['Rip JUU""', '6', '46-49']"
6cc8e070-e42f-11ed-b8fb-c73625a258ca.jpg,"['Rip JUU""', '6', '46-49']"
6df08c12-e42f-11ed-b8fb-c73625a258ca.jpg,"['Rab 500*', '46-49']"
6df08c13-e42f-11ed-b8fb-c73625a258ca.jpg,"['Rab 500*', '46-49']"
6f1ade58-e42f-11ed-b8fb-c73625a258ca.jpg,"[""Rap DUU'"", '46-49']"
6f1ade59-e42f-11ed-b8fb-c73625a258ca.jpg,"[""Rap DUU'"", '46-49']"
70488b4a-e42f-11ed-b8fb-c73625a258ca.jpg,"['5t8 500*', '46-49']"
70488b4b-e42f-11ed-b8fb-c73625a258ca.jpg,"['5t8 500*', '46-49']"
717cbd42-e42f-11ed-b8fb-c73625a258ca.jpg,"['5tB 500""', '46-49']"
717cbd43-e42f-11ed-b8fb-c73625a258ca.jpg,"['5tB 500""', '46-49']"
72a87422-e42f-11ed-b8fb-c73625a258ca.jpg,"[""588 500'"", '46-49']"
72a87423-e42f-11ed-b8fb-c73625a258ca.jpg,"[""588 500'"", '46-49']"
73dbd64a-e42f-11ed-b8fb-c73625a258ca.jpg,"['RtB 500*', '46-49']"
73dbd64b-e42f-11ed-b8fb-c73625a258ca.jpg,"['RtB 500*', '46-49']"
7506c174-e42f-11ed-b8fb-c73625a258ca.jpg,"['5aB 500 *', '5', '46-49']"
7506c175-e42f-11ed-b8fb-c73625a258ca.jpg,"['5aB 500 *', '5', '46-49']"
7506c176-e42f-11ed-b8fb-c73625a258ca.jpg,"['5aB 500 *', '5', '46-49']"
76341290-e42f-11ed-b8fb-c73625a258ca.jpg,"['RtB 500*', '46-49']"
76341291-e42f-11ed-b8fb-c73625a258ca.jpg,"['RtB 500*', '46-49']"
77671bb2-e42f-11ed-b8fb-c73625a258ca.jpg,"['Rtb 500', '46-49']"
77671bb3-e42f-11ed-b8fb-c73625a258ca.jpg,"['Rtb 500', '46-49']"
abf3b048-e42f-11ed-b8fb-c73625a258ca.jpg,['A477']
acff4042-e42f-11ed-b8fb-c73625a258ca.jpg,['4471']
ae098dc6-e42f-11ed-b8fb-c73625a258ca.jpg,"['6e2', '44.77']"
ae098dc7-e42f-11ed-b8fb-c73625a258ca.jpg,"['6e2', '44.77']"
ae098dc8-e42f-11ed-b8fb-c73625a258ca.jpg,"['6', '44.77']"
ae098dc9-e42f-11ed-b8fb-c73625a258ca.jpg,"['6', '44.77']"
b02ea03c-e42f-11ed-b8fb-c73625a258ca.jpg,"['RIB 500', '46-49']"
b02ea03d-e42f-11ed-b8fb-c73625a258ca.jpg,"['RIB 500', '46-49']"
b163d7b0-e42f-11ed-b8fb-c73625a258ca.jpg,"[""5tB 500'"", '46-49']"
b163d7b1-e42f-11ed-b8fb-c73625a258ca.jpg,"[""5tB 500'"", '46-49']"
b2c162ee-e42f-11ed-b8fb-c73625a258ca.jpg,"[""5tB 500'"", '46-49']"
b2c162ef-e42f-11ed-b8fb-c73625a258ca.jpg,"[""5tB 500'"", '46-49']"
b3e75c0a-e42f-11ed-b8fb-c73625a258ca.jpg,"[""5t8 500'"", '46-49']"
b3e75c0b-e42f-11ed-b8fb-c73625a258ca.jpg,"[""5t8 500'"", '46-49']"
b50aedf4-e42f-11ed-b8fb-c73625a258ca.jpg,"[""5tb 500'"", '46-49']"
b50aedf5-e42f-11ed-b8fb-c73625a258ca.jpg,"[""5tb 500'"", '46-49']"
e2959578-e982-11ed-93cb-57eeadf8df9f.jpg,['6u8 Cc']
e3a80a86-e982-11ed-93cb-57eeadf8df9f.jpg,['2 688 CC']
e4c50ea0-e982-11ed-93cb-57eeadf8df9f.jpg,['2 688CC']
e4c50ea1-e982-11ed-93cb-57eeadf8df9f.jpg,['688 CC']
e6e17a16-e982-11ed-93cb-57eeadf8df9f.jpg,['P 688 CC']
e7ebcd4e-e982-11ed-93cb-57eeadf8df9f.jpg,['P688 CC']
e8f6f844-e982-11ed-93cb-57eeadf8df9f.jpg,['P688 CC']
e8f6f845-e982-11ed-93cb-57eeadf8df9f.jpg,['P688 CC']
eb0b864a-e982-11ed-93cb-57eeadf8df9f.jpg,['P 688 CC']
ec151c5e-e982-11ed-93cb-57eeadf8df9f.jpg,['P 688 CC']
ed1eb7b8-e982-11ed-93cb-57eeadf8df9f.jpg,['P 688 CC']
